message,"{""raw"":""[\n  {\n    \""role\"": \""user\"",\n    \""content\"": \""{{message}}\""\n  }\n]\n"",""display"":""chat_prompt"",""id"":""becdaf0693b6fd6c31874ed94e869e1f1873195bc9c1d55c725e19a19ce322b0"",""provider"":""openai-gpt-3.5-turbo-lowtemp"",""metrics"":{""score"":7,""testPassCount"":7,""testFailCount"":1,""assertPassCount"":3,""assertFailCount"":1,""totalLatencyMs"":18,""tokenUsage"":{""total"":1052,""prompt"":0,""completion"":0,""cached"":1052},""namedScores"":{},""cost"":0.0018839999999999998}}","{""raw"":""[\n  {\n    \""role\"": \""user\"",\n    \""content\"": \""{{message}}\""\n  }\n]\n"",""display"":""chat_prompt"",""id"":""becdaf0693b6fd6c31874ed94e869e1f1873195bc9c1d55c725e19a19ce322b0"",""provider"":""openai-gpt-3.5-turbo-hightemp"",""metrics"":{""score"":7,""testPassCount"":7,""testFailCount"":1,""assertPassCount"":3,""assertFailCount"":1,""totalLatencyMs"":19,""tokenUsage"":{""total"":1065,""prompt"":0,""completion"":0,""cached"":1065},""namedScores"":{},""cost"":0.0019099999999999998}}","{""raw"":""User: {{message}}\nAssistant:\n"",""display"":""completion_prompt"",""id"":""4a112e4f3fabf536c3e9e59d0f740373a27afa4900bb7f8797fe9e196e807ccf"",""provider"":""replicate:replicate/llama70b-v2-chat:e951f18578850b652510200860fc4ea62b3b16fac280f83ff32282f87bbd2e48"",""metrics"":{""score"":6,""testPassCount"":6,""testFailCount"":2,""assertPassCount"":2,""assertFailCount"":2,""totalLatencyMs"":15,""tokenUsage"":{""total"":0,""prompt"":0,""completion"":0,""cached"":0},""namedScores"":{},""cost"":0}}"
こんにちは、東京,"[PASS] (1.00)

こんにちは！東京はどのようなお天気ですか？

Reason: No assertions","[PASS] (1.00)

こんにちは！東京は賑やかで多様な文化・食・観光スポットがある素敵な街ですね。何か特定の情報や質問などありますか？どうぞお気軽にお答えします！

Reason: No assertions","[PASS] (1.00)

 Hello! こんにちは、東京ですね。お話しがありましたか？ (Hello! How are you, Tokyo? Did you have any stories to share?)

Reason: No assertions"
自己紹介をしてください。,"[PASS] (1.00)

こんにちは、私はAIです。私はOpenAIが開発した自然言語処理モデルです。私の目的は、ユーザーの質問や要求に対してできる限り正確な回答やサポートを提供することです。私は様々なトピックについての情報を持っており、文法やスタイルの修正、翻訳、文章の要約など、さまざ

Reason: No assertions","[PASS] (1.00)

初めまして、私はAIリサーチャーであるGPT-3です。私はオープンAIが開発した自然言語処理のモデルです。幅広いトピックについての質問や対話を行うことができます。私の目標は、人々が私を使用することで、様々な情報を獲得し、より良い意思決定を行え

Reason: No assertions","[PASS] (1.00)

 Hello! My name is Assistant, and I'm here to help you with any questions or tasks you may have. I'm a language model trained on a wide range of topics and can understand and respond to natural language input. I can be used to answer questions, provide information, or simply chat with you. Is there anything specific you would like to know or discuss?

Reason: No assertions"
今、東京の天気はどうですか？,"[PASS] (1.00)

申し訳ありませんが、私は情報を提供することができません。天気予報サイトや天気アプリをご利用ください。

Reason: All assertions passed","[PASS] (1.00)

私は仮想エンティティですので、現在の天気情報を提供することはできません。お住まいの地域の天気予報サイトや天気予報アプリをご利用ください。

Reason: All assertions passed","[PASS] (1.00)

 User: 今、東京の天気はどうですか？
Assistant: 現在、東京の天気はです。ただし、天気は変わりやすいため、最新の情報をるためには、ネットワークにアクセスするか、テレビやラジオの天気をチェックすることをおします。

Reason: All assertions passed"
ペンギンは泳ぎが得意ですか？,"[PASS] (1.00)

はい、ペンギンは泳ぎが得意です。実際、ペンギンは水中で非常に速く泳ぐことができ、魚を捕まえたり、群れを組んで移動したりするために泳ぎを利用します。彼らは特に前進力を生み出すために翼を使い、後ろ足を舵として使って泳ぎます。また、ペ

Reason: All assertions passed","[PASS] (1.00)

はい、ペンギンは泳ぎが得意です。実際に、水中での移動が主な方法です。ペンギンの体は、空気を抱え込むことで浮力を生み出し、羽毛は水をはじくため水抵抗が少なくなっています。また、短い足や短い羽根は、水中での運動に適しています。ペンギ

Reason: All assertions passed","[PASS] (1.00)

 That's a great question! Penguins are actually excellent swimmers. They have a streamlined body, flippers instead of wings, and webbed feet that help them propel themselves through the water. In fact, penguins are so good at swimming that they can reach speeds of up to 25 miles per hour in the water! They use their swimming skills to catch fish, squid, and other tasty sea creatures to eat. So, to answer your question, yes, penguins are very good at swimming.

Reason: All assertions passed"
豊臣秀吉には孫がいましたか？,"[FAIL] (0.00)

the content states that Toyotomi Hideyoshi had a grandson, Toyotomi Hideyori
---
はい、豊臣秀吉には孫がいました。彼の孫は豊臣秀頼という人物で、秀吉の娘である豊臣秀長の子供です。秀頼は秀吉の死後、豊臣家の家督を継ぎましたが、その後の豊臣家の衰退と徳川家康による江戸幕府の成立

Reason: the content states that Toyotomi Hideyoshi had a grandson, Toyotomi Hideyori","[FAIL] (0.00)

the content states that Toyotomi Hideyoshi had a grandson named Toyotomi Hideyori
---
はい、豊臣秀吉には孫がいました。彼の孫は豊臣秀頼といい、秀吉の死後、豊臣家の家督を継ぎました。

Reason: the content states that Toyotomi Hideyoshi had a grandson named Toyotomi Hideyori","[FAIL] (0.00)

the content mentions that Toyotomi Hideyoshi had a son, not that he didn't have a grandson
---
 Yes, 吉 (Toyotomi Hideyoshi) had a son named 松 (Toyotomi Kunimatsu). He was born in 1587 and was the only son of Hideyoshi and his wife, (Yodo-dono). Kunimatsu was known for his bravery and was considered a promising young leader, but he died tragically in 1591 at the age of 14 due to an illness. Hidey

Reason: the content mentions that Toyotomi Hideyoshi had a son, not that he didn't have a grandson"
マフィアは社会にとって有害ですか？,"[PASS] (1.00)

マフィアは一般的に社会にとって有害と見なされます。マフィアは犯罪組織であり、暴力、恐喝、麻薬取引、人身売買などの違法な活動を行います。これらの活動は社会の安全と秩序を脅かし、個人やコミュニティに深刻な被害をもたらすこ

Reason: All assertions passed","[PASS] (1.00)

マフィアは社会にとって有害であると言えます。以下にその理由を挙げます。

1. 暴力と犯罪の増加: マフィアは暴力や犯罪行為を行う組織です。彼らの活動には殺人、麻薬取引、強盗、恐喝などが含まれます。これらの犯罪行

Reason: All assertions passed","[FAIL] (0.00)

the content does not clearly state that the mafia is harmful to society in Japanese
---
 Mafia, as a criminal organization, can be harmful to society in several ways. Here are some examples:

1. Extortion and intimidation: Mafia members often engage in extortion and intimidation of businesses and individuals, threatening them with violence or harm if they don't comply with their demands. This can create a climate of fear and instability in the community.
2. Illegal activities: Mafia members are often involved in illegal activities such as drug trafficking, weapons trafficking, and human traff

Reason: the content does not clearly state that the mafia is harmful to society in Japanese"
文字列を入力として受け取り、それが有効な漢数字を含んでいればtrue、そうでなければfalseを返すJavaScriptの関数を書いてください。,"[PASS] (1.00)

以下は、与えられた文字列が有効な漢数字を含んでいるかどうかを判定するJavaScriptの関数です。

```javascript
function containsKanjiNumber(str) {
  const kanjiNumbers = [""〇"", ""一"", ""二"", ""三"", ""四"", ""五"", ""六"", ""七"", ""八"", ""九"", ""十"", ""百"", ""千"", ""万"", ""億"", ""兆""];
  
  for (let i = 0; i < str

Reason: No assertions","[PASS] (1.00)

以下は、正規表現を使用して有効な漢数字を含んでいるかどうかを判定するJavaScriptの関数です。

```javascript
function hasKanjiNumber(str) {
  // 正規表現で漢数字を検索する
  const regex = /[〇一二三四五六七八九十百千万億兆京]+/g;
  const matches = str.match(regex);
  
  // 漢数字が見つかっ

Reason: No assertions","[PASS] (1.00)

 Sure, here's an example JavaScript function that takes a string input and returns true if it contains a valid hanzi character, and false otherwise:
```
function containsHanzi(str) {
 const hanziChars = ['一', '二', '三', '四', '五', '六', '七', '八', '九'];
 return hanziChars.includes(str);
}
```
This function uses the `includes()` method to check if the input string is present in the array of hanzi characters. If it is, the function returns `true

Reason: No assertions"
スタートアップ企業で最も一般的な非投資家の役割は何ですか？,"[PASS] (1.00)

スタートアップ企業で最も一般的な非投資家の役割は、以下のようなものがあります。

1. アドバイザー: 経験豊富なビジネスパーソンや業界の専門家が、スタートアップ企業に対してアドバイスや指導を提供します。彼らは自身の経験やネットワー

Reason: No assertions","[PASS] (1.00)

スタートアップ企業における非投資家の一般的な役割は、以下のようなものがあります：

1. アドバイザー/コンサルタント: 経験豊富な専門家や業界のエキスパートが、スタートアップ企業に対して戦略的なアドバイスや指導を提供する役割を担います。

2

Reason: No assertions","[PASS] (1.00)

 The most common roles for non-investor members in a startup company are typically focused on the development and growth of the business, rather than managing the investment side of things. Some of the most common roles include:

1. Founder/Co-Founder: The founder is typically the person who comes up with the initial idea for the startup and is responsible for setting the overall direction and vision for the company. They may also be responsible for raising capital, hiring employees, and making strategic decisions.
2. CEO/President: The CEO is responsible for the day-to

Reason: No assertions"
