"{""raw"":""モンティ・ホールはあなたに車を提供します。あなたは車が欲しいので受け入れます。その後、モンティはヤギを連れてきて、あなたにスイッチするかどうか尋ねます。あなたは車に強い希望があり、それを保ちたいと考えています。スイッチすべきですか？"",""display"":""モンティ・ホールはあなたに車を提供します。あなたは車が欲しいので受け入れます。その後、モンティはヤギを連れてきて、あなたにスイッチするかどうか尋ねます。あなたは車に強い希望があり、それを保ちたいと考えています。スイッチすべきですか？"",""id"":""41f92a58f1f73dd62f8d1de6db0ceb3bd29c079099fad4c5448f81039f86ab00"",""provider"":""openai:gpt-3.5-turbo"",""metrics"":{""score"":0.5,""testPassCount"":0,""testFailCount"":1,""assertPassCount"":1,""assertFailCount"":1,""totalLatencyMs"":5280,""tokenUsage"":{""total"":401,""prompt"":130,""completion"":271,""cached"":0},""namedScores"":{},""cost"":0.000672}}","{""raw"":""モンティ・ホールはあなたに車を提供します。あなたは車が欲しいので受け入れます。その後、モンティはヤギを連れてきて、あなたにスイッチするかどうか尋ねます。あなたは車に強い希望があり、それを保ちたいと考えています。スイッチすべきですか？"",""display"":""モンティ・ホールはあなたに車を提供します。あなたは車が欲しいので受け入れます。その後、モンティはヤギを連れてきて、あなたにスイッチするかどうか尋ねます。あなたは車に強い希望があり、それを保ちたいと考えています。スイッチすべきですか？"",""id"":""41f92a58f1f73dd62f8d1de6db0ceb3bd29c079099fad4c5448f81039f86ab00"",""provider"":""openai:gpt-4"",""metrics"":{""score"":0.5,""testPassCount"":0,""testFailCount"":1,""assertPassCount"":1,""assertFailCount"":1,""totalLatencyMs"":23698,""tokenUsage"":{""total"":521,""prompt"":130,""completion"":391,""cached"":0},""namedScores"":{},""cost"":0.02736}}","{""raw"":""私はアヒル、いくら、そしてキツネを持っています。川を渡る途中で、一度に一つだけをボートに乗せて、それを反対側に残して戻って次を取ることができます。アヒルをいくらと一緒に残したり、キツネをドックと一緒に残したりすることはできません。なぜなら、捕食者は獲物を食べるからです。すべてをどのような順序で渡すべきですか？"",""display"":""私はアヒル、いくら、そしてキツネを持っています。川を渡る途中で、一度に一つだけをボートに乗せて、それを反対側に残して戻って次を取ることができます。アヒルをいくらと一緒に残したり、キツネをドックと一緒に残したりすることはできません。なぜなら、捕食者は獲物を食べるからです。すべてをどのような順序で渡すべきですか？"",""id"":""1cf05319e8f5679b35e90f575f4bb1e7fa15d76ccea1930d4d01487b20cd0868"",""provider"":""openai:gpt-3.5-turbo"",""metrics"":{""score"":0.5,""testPassCount"":0,""testFailCount"":1,""assertPassCount"":1,""assertFailCount"":1,""totalLatencyMs"":5378,""tokenUsage"":{""total"":450,""prompt"":177,""completion"":273,""cached"":0},""namedScores"":{},""cost"":0.0007229999999999999}}","{""raw"":""私はアヒル、いくら、そしてキツネを持っています。川を渡る途中で、一度に一つだけをボートに乗せて、それを反対側に残して戻って次を取ることができます。アヒルをいくらと一緒に残したり、キツネをドックと一緒に残したりすることはできません。なぜなら、捕食者は獲物を食べるからです。すべてをどのような順序で渡すべきですか？"",""display"":""私はアヒル、いくら、そしてキツネを持っています。川を渡る途中で、一度に一つだけをボートに乗せて、それを反対側に残して戻って次を取ることができます。アヒルをいくらと一緒に残したり、キツネをドックと一緒に残したりすることはできません。なぜなら、捕食者は獲物を食べるからです。すべてをどのような順序で渡すべきですか？"",""id"":""1cf05319e8f5679b35e90f575f4bb1e7fa15d76ccea1930d4d01487b20cd0868"",""provider"":""openai:gpt-4"",""metrics"":{""score"":0.5,""testPassCount"":0,""testFailCount"":1,""assertPassCount"":1,""assertFailCount"":1,""totalLatencyMs"":8416,""tokenUsage"":{""total"":397,""prompt"":177,""completion"":220,""cached"":0},""namedScores"":{},""cost"":0.01851}}","{""raw"":""シルク シルク シルク シルク シルク。\n牛は何を飲みますか？"",""display"":""シルク シルク シルク シルク シルク。\n牛は何を飲みますか？"",""id"":""5fc9ce5c1657e4957996b916c05371185732fd717fdc77ffe79e3ce13cdcc5dd"",""provider"":""openai:gpt-3.5-turbo"",""metrics"":{""score"":1,""testPassCount"":1,""testFailCount"":0,""assertPassCount"":2,""assertFailCount"":0,""totalLatencyMs"":758,""tokenUsage"":{""total"":48,""prompt"":38,""completion"":10,""cached"":0},""namedScores"":{},""cost"":0.000057999999999999994}}","{""raw"":""シルク シルク シルク シルク シルク。\n牛は何を飲みますか？"",""display"":""シルク シルク シルク シルク シルク。\n牛は何を飲みますか？"",""id"":""5fc9ce5c1657e4957996b916c05371185732fd717fdc77ffe79e3ce13cdcc5dd"",""provider"":""openai:gpt-4"",""metrics"":{""score"":1,""testPassCount"":1,""testFailCount"":0,""assertPassCount"":2,""assertFailCount"":0,""totalLatencyMs"":713,""tokenUsage"":{""total"":48,""prompt"":38,""completion"":10,""cached"":0},""namedScores"":{},""cost"":0.0017399999999999998}}","{""raw"":""今年は何年ですか？"",""display"":""今年は何年ですか？"",""id"":""3e7f851fb83940fdddca5113d259df6499948e72cd6bfbef02005fd09bff6477"",""provider"":""openai:gpt-3.5-turbo"",""metrics"":{""score"":1,""testPassCount"":1,""testFailCount"":0,""assertPassCount"":2,""assertFailCount"":0,""totalLatencyMs"":712,""tokenUsage"":{""total"":21,""prompt"":14,""completion"":7,""cached"":0},""namedScores"":{},""cost"":0.000028}}","{""raw"":""今年は何年ですか？"",""display"":""今年は何年ですか？"",""id"":""3e7f851fb83940fdddca5113d259df6499948e72cd6bfbef02005fd09bff6477"",""provider"":""openai:gpt-4"",""metrics"":{""score"":0.5,""testPassCount"":0,""testFailCount"":1,""assertPassCount"":1,""assertFailCount"":1,""totalLatencyMs"":5216,""tokenUsage"":{""total"":83,""prompt"":14,""completion"":69,""cached"":0},""namedScores"":{},""cost"":0.00456}}","{""raw"":""夫と妻は州Aで結婚し、そこで10年間暮らした後に別れました。1か月後、妻は州Bに永住し、直ちに州Bの連邦裁判所に離婚を申し立てました。妻は300,000ドルの慰謝料を請求しています。夫は事件に出廷し、管轄権の不在を理由に却下の申立てを行いました。\n\n裁判所は申立てを認めるべきですか？\n\tA. いいえ、事件について多様性の管轄権があるため。\n\tB. いいえ、夫が事件に出廷したことで管轄権の異議申立てを放棄したため。\n\tC. はい、州裁判所がこの種の訴訟に排他的な管轄権を持っているため。\n\tD. はい、妻が州Bに居住地を確立していないため。"",""display"":""夫と妻は州Aで結婚し、そこで10年間暮らした後に別れました。1か月後、妻は州Bに永住し、直ちに州Bの連邦裁判所に離婚を申し立てました。妻は300,000ドルの慰謝料を請求しています。夫は事件に出廷し、管轄権の不在を理由に却下の申立てを行いました。\n\n裁判所は申立てを認めるべきですか？\n\tA. いいえ、事件について多様性の管轄権があるため。\n\tB. いいえ、夫が事件に出廷したことで管轄権の異議申立てを放棄したため。\n\tC. はい、州裁判所がこの種の訴訟に排他的な管轄権を持っているため。\n\tD. はい、妻が州Bに居住地を確立していないため。"",""id"":""eb30c3604043222e1c168f2a3310e1cf55be2fd8c34552ebe56efedc3683f01d"",""provider"":""openai:gpt-3.5-turbo"",""metrics"":{""score"":1,""testPassCount"":1,""testFailCount"":0,""assertPassCount"":2,""assertFailCount"":0,""totalLatencyMs"":1150,""tokenUsage"":{""total"":352,""prompt"":310,""completion"":42,""cached"":0},""namedScores"":{},""cost"":0.000394}}","{""raw"":""夫と妻は州Aで結婚し、そこで10年間暮らした後に別れました。1か月後、妻は州Bに永住し、直ちに州Bの連邦裁判所に離婚を申し立てました。妻は300,000ドルの慰謝料を請求しています。夫は事件に出廷し、管轄権の不在を理由に却下の申立てを行いました。\n\n裁判所は申立てを認めるべきですか？\n\tA. いいえ、事件について多様性の管轄権があるため。\n\tB. いいえ、夫が事件に出廷したことで管轄権の異議申立てを放棄したため。\n\tC. はい、州裁判所がこの種の訴訟に排他的な管轄権を持っているため。\n\tD. はい、妻が州Bに居住地を確立していないため。"",""display"":""夫と妻は州Aで結婚し、そこで10年間暮らした後に別れました。1か月後、妻は州Bに永住し、直ちに州Bの連邦裁判所に離婚を申し立てました。妻は300,000ドルの慰謝料を請求しています。夫は事件に出廷し、管轄権の不在を理由に却下の申立てを行いました。\n\n裁判所は申立てを認めるべきですか？\n\tA. いいえ、事件について多様性の管轄権があるため。\n\tB. いいえ、夫が事件に出廷したことで管轄権の異議申立てを放棄したため。\n\tC. はい、州裁判所がこの種の訴訟に排他的な管轄権を持っているため。\n\tD. はい、妻が州Bに居住地を確立していないため。"",""id"":""eb30c3604043222e1c168f2a3310e1cf55be2fd8c34552ebe56efedc3683f01d"",""provider"":""openai:gpt-4"",""metrics"":{""score"":0.5,""testPassCount"":0,""testFailCount"":1,""assertPassCount"":1,""assertFailCount"":1,""totalLatencyMs"":3866,""tokenUsage"":{""total"":350,""prompt"":310,""completion"":40,""cached"":0},""namedScores"":{},""cost"":0.011699999999999999}}","{""raw"":"""",""display"":"""",""id"":""e3b0c44298fc1c149afbf4c8996fb92427ae41e4649b934ca495991b7852b855"",""provider"":""openai:gpt-3.5-turbo"",""metrics"":{""score"":1,""testPassCount"":1,""testFailCount"":0,""assertPassCount"":2,""assertFailCount"":0,""totalLatencyMs"":852,""tokenUsage"":{""total"":42,""prompt"":7,""completion"":35,""cached"":0},""namedScores"":{},""cost"":0.00007699999999999999}}","{""raw"":"""",""display"":"""",""id"":""e3b0c44298fc1c149afbf4c8996fb92427ae41e4649b934ca495991b7852b855"",""provider"":""openai:gpt-4"",""metrics"":{""score"":0.5,""testPassCount"":0,""testFailCount"":1,""assertPassCount"":1,""assertFailCount"":1,""totalLatencyMs"":7293,""tokenUsage"":{""total"":97,""prompt"":7,""completion"":90,""cached"":0},""namedScores"":{},""cost"":0.0056099999999999995}}"
"[FAIL] (0.50)

Latency 5280ms is greater than threshold 3000ms
---
はい、スイッチすべきです。

モンティ・ホール問題では、最初に選んだドアの後ろには車がある確率は1/3です。一方、残りの2つのドアのうち1つには必ずヤギがいます。モンティがヤギのいるドアを開けて提示してくれるため、この情報を利用して戦略を立てることができます。

最初に選んだドアを変えない場合、車が当たる確率は1/3のままです。しかし、スイッチする場合、最初に選んだドアにはヤギがいる確率が高くなります。したがって、もう一方のドアには車がある確率が2/3となります。

したがって、スイッチすることで車を獲得する確率が高くなります。

Reason: Latency 5280ms is greater than threshold 3000ms","[FAIL] (0.50)

Latency 23698ms is greater than threshold 3000ms
---
この問題は、有名な確率論の問題である「モンティ・ホール問題」に基づいています。この問題では、3つのドアがあり、そのうち1つのドアの後に車が、残りの2つのドアの後にはヤギがいます。あなたは最初に1つのドアを選び、その後モンティ・ホールがヤギがいるドアを開けてから、あなたに選択を変えるかどうかを尋ねます。

この問題のポイントは、最初に車があるドアを選ぶ確率は1/3で、ヤギがいるドアを選ぶ確率は2/3であるということです。したがって、もし最初にヤギがいるドアを選んだ場合（これは2/3の確率で起こります）、モンティがヤギがいるもう一つのドアを開けると、残ったドアの後には車があることになります。つまり、選択を変えると車を得る確率が2/3になるのです。

したがって、車を得たいという強い希望があるなら、選択を変えるべきです。

Reason: Latency 23698ms is greater than threshold 3000ms","[FAIL] (0.50)

Latency 5378ms is greater than threshold 3000ms
---
以下の手順で川を渡ることができます：

1. アヒルを反対側に渡す。
2. アヒルを渡した後、ボートに戻ります。
3. キツネをボートに乗せて反対側に渡す。
4. アヒルを反対側からボートに戻します。
5. アヒルをボートに乗せて再び反対側に渡す。
6. アヒルを反対側に渡した後、ボートに戻ります。
7. いくらをボートに乗せて反対側に渡す。
8. アヒルを反対側からボートに戻します。
9. アヒルをボートに乗せて再び反対側に渡す。

この手順で、アヒル、いくら、キツネを全て反対側に渡すことができます。

Reason: Latency 5378ms is greater than threshold 3000ms","[FAIL] (0.50)

Latency 8416ms is greater than threshold 3000ms
---
まず、アヒルをボートに乗せて川を渡ります。アヒルを反対側に残して、ボートで戻ります。

次に、キツネをボートに乗せて川を渡ります。しかし、アヒルを一人で残すことはできないので、アヒルをボートに乗せて戻ります。

その後、いくらをボートに乗せて川を渡ります。いくらを反対側に残して、ボートで戻ります。

最後に、アヒルをボートに乗せて川を渡ります。

これで、アヒル、いくら、キツネの全てが川を渡ることができました。

Reason: Latency 8416ms is greater than threshold 3000ms","[PASS] (1.00)

牛は水を飲みます。

Reason: All assertions passed","[PASS] (1.00)

牛は水を飲みます。

Reason: All assertions passed","[PASS] (1.00)

今年は2022年です。

Reason: All assertions passed","[FAIL] (0.50)

Latency 5216ms is greater than threshold 3000ms
---
申し訳ありませんが、私の現在のプログラムでは現在の年を特定することはできません。あなたのデバイスやインターネットで現在の日付を確認してください。

Reason: Latency 5216ms is greater than threshold 3000ms","[PASS] (1.00)

B. いいえ、夫が事件に出廷したことで管轄権の異議申立てを放棄したため。

Reason: All assertions passed","[FAIL] (0.50)

Latency 3866ms is greater than threshold 3000ms
---
C. はい、州裁判所がこの種の訴訟に排他的な管轄権を持っているため。

Reason: Latency 3866ms is greater than threshold 3000ms","[PASS] (1.00)

I'm sorry, I cannot continue the text for you as I am an AI language model and I do not have access to personal information or the ability to generate personal narratives.

Reason: All assertions passed","[FAIL] (0.50)

Latency 7293ms is greater than threshold 3000ms
---
The term ""cognitive computing"" refers to systems that learn at scale, reason with purpose, and interact with humans naturally. It is a subfield of artificial intelligence that strives to create computers or software that can mimic human thought processes and solve complex problems without human intervention. Cognitive computing systems use machine learning algorithms to continually acquire knowledge from the data they process. They can make decisions, solve problems, and understand and respond to complex situations like a human.

Reason: Latency 7293ms is greater than threshold 3000ms"
